country,pop,weight_pubs,weight_pop,bsm_response,bsm_weight_pubs,bsm_weight_pop,pubs_fit,bsm_weight_pop_2,bsm_over_pop
Afghanistan,26464558.652415,8.573322099214297e-4,0.0043288065489610885,32.111310950260155,4.423948006686507e-4,0.0021626736839065485,115.40785099116414,13221705.314485688,0.4996004463229223
Albania,2251436.8125,1.3932469068393767e-4,3.682674079899199e-4,1.5274459812440015,7.043585362217621e-5,1.883867303597276e-4,18.754880495293058,1151719.6757471722,0.5115487449404811
Algeria,30480654.677733,0.003827645741777742,0.004985719177053101,106.16535435425226,0.001774797904611172,0.002350890303241797,515.2499396407059,14372385.000772987,0.47152481312261413
Andorra,220946.7813,5.895112791316772e-5,3.614025408188829e-5,0.5486983101087559,3.2346384264960236e-5,1.9830096341633173e-5,7.9355737568607365,121233.12552327887,0.5486983101087559
Angola,14848893.174518,0.001227481310104986,0.002428832721637377,81.8555398357779,8.693400135167279e-4,0.0017339829944715095,165.2346412413663,10600865.1900822,0.7139161865797655
Anguilla,73024.183227,0,1.1944562036243364e-5,1.4818686484554209,0,6.318466513946226e-6,0,38628.528616457035,0.5289826864119516
Antigua,77006.34375,0,1.2595923835900797e-5,0.6584762549063536,0,8.294116754549629e-6,0,50706.848836531295,0.6584762549063536
Argentina,37051531.423527,0.008380870624392365,0.006060517161149222,186.54803068301896,0.0048871243759820255,0.003442966370523747,1128.1720866229202,21048892.903954335,0.5680977842278524
Armenia,2415504.25,1.7258506708195582e-4,3.9510391062158015e-4,1.104200372524632,9.18353464431347e-5,2.120962880642755e-4,23.232151404785995,1296670.2466257478,0.5368114117893801
Aruba,38229.26953,1.5853328734667575e-5,6.2531597249350385e-6,0.682764793165882,1.082409471451604e-5,4.269437306228495e-6,2.134060261764958,26101.599303533203,0.682764793165882
Australia,19275380.392401,0.018705851267152414,0.003152873016785693,495.0619371627737,0.011676670140726339,0.0018507896168266616,2518.046179438713,11314973.264292702,0.5870168595351531
Austria,10432533.7501,0.006193438081539298,0.0017064490291648748,5.58078176141573,0.002739670538119428,7.652184642203676e-4,833.7157649807583,4678233.757785068,0.4484273782234565
Azerbaijan,7838708.303497,4.003647979398102e-4,0.00128217712924062,7.415272149944625,2.1228892166779738e-4,6.763571640881767e-4,53.89420857870212,4134971.9920582958,0.5275068074944955
Bahamas,313850.303111,9.256416230828815e-6,5.1336478546425405e-5,14.654844883065103,6.024695935246581e-6,3.132519532614373e-5,1.2460316931024744,191509.47487040012,0.6101936909797046
Bahrain,1191682.75,3.5920006485408814e-4,1.949234884373641e-4,0.4401773631575363,1.5811173739348856e-4,8.580090715782745e-5,48.35291043654618,524551.7706153216,0.44017736315753636
Bangladesh,137267973.8751,0.002473310819748445,0.022452915692925363,7.370215072539952,9.442535540367301e-4,0.0095362108418128,332.93918417753343,58300505.76076672,0.42472037806731455
Barbados,251656,0,4.116335946475125e-5,0.6538348973999379,0,2.69140409122724e-5,0,164541.47494007877,0.6538348973999379
Belarus,9989645.555259999,9.795918457199244e-4,0.0016340058290548287,13.632539094036535,4.194088254967282e-4,7.21270971858496e-4,131.86555742885852,4409556.704171656,0.44141272878794235
Belgium,9317197.9688,0.004596284285016496,0.0015240136106191174,1.461810496524258,0.0015967567250637468,5.259093723192596e-4,618.7184917814135,3215195.5214857333,0.3450818080985598
Belice,160854.843778,1.9926970770829088e-5,2.631101883555417e-5,2.004832783048697,1.4660671522581037e-5,1.9255168863362164e-5,2.682424440388033,117718.25328366821,0.731829085893952
Benin,6876709.9376,5.506795177804061e-4,0.0011248231041431794,6.260525351509649,3.2524462822816765e-4,6.790779478139829e-4,74.12848717967978,4151605.7546618516,0.6037197718580491
Bhutan,1154455.01568,2.725564219161393e-5,1.8883414977715964e-4,1.955652088973701,1.7523432708472994e-5,1.1232495049488116e-4,3.668957093081266,686708.959358515,0.5948338826818886
Bolivia,8269042.311192,0.0011367127938359022,0.0013525668415807046,67.90741215806115,8.050562836424156e-4,9.075245036326367e-4,153.01604117123537,5548234.873340286,0.6709646249881742
Bosnia,3195649.5938,1.5729120152079825e-4,5.227122458950938e-4,2.7768705411272263,8.718721535826477e-5,2.8975233583341034e-4,21.17340202230015,1771427.6670963487,0.5543247515413336
Botswana,2287491.462872,5.660546019037434e-4,3.741648653668096e-4,34.39417743907717,3.715766878176795e-4,2.471230880763812e-4,76.19816961660273,1510809.823629773,0.6604657757860724
Brasil,174544614.928986,0.02544096582358536,0.028550254025171022,530.0404963677987,0.01632629617643464,0.01830250115209797,3424.6785071900154,111894031.24097514,0.6410626376900803
British Virgin Islands,74077.57031,0,1.2116864509274227e-5,0.603566268496711,0,7.3133306977428765e-6,0,44710.72269130945,0.603566268496711
Brunei,507177.13285999995,6.0882412737385614e-5,8.295893852011509e-5,1.2182779440018863,4.434133069486443e-5,4.4153594340177926e-5,8.195549328331756,269937.0770936896,0.5322343213139351
Bulgaria,8994531.108044,0.0015470372546472699,0.0014712350081750587,7.590815931176161,8.079720187980911e-4,7.582285542481456e-4,208.250947411009,4635500.297570875,0.5153687548454025
Burkina Faso,11021715.6721,2.2168941971446006e-4,0.001802821486985944,11.944958175673898,1.2283124743288639e-4,9.600406758861989e-4,29.84222361022545,5869297.342888222,0.5325212079046426
Burma,58978812.002664,9.670449293982689e-4,0.009647161360228423,48.184709053210725,6.0636871127795e-4,0.005857930032637718,130.17658245219116,35812996.30210797,0.607218000601476
Burundi,6567189.5,1.2961854112371001e-4,0.0010741948614840897,2.0722187832110355,8.868827065915248e-5,7.347986166233302e-4,17.44830895956671,4492259.209875892,0.6840459240403969
Cambodia,11802407.276649,2.567786070694623e-4,0.0019305191741031355,13.770140194955486,1.773619272498574e-4,0.0012677256813078202,34.56567580157408,7750358.041801502,0.6566760373653215
Cameroon,16008415.82738,0.0017629643210995978,0.0026184957845775832,28.37492993612945,0.0011878917565914687,0.0017705625487398464,237.3174847715652,10824497.673646506,0.6761754436146531
Canada,23730798.57021282,0.028237920647940794,0.0038816455476176816,778.6026934189623,0.01104236497980205,0.0017529753513756067,3801.184302566363,10716976.718179177,0.45160624015540946
Cape Verde,438970.999694,0,7.180246469388901e-5,5.019491047121153,0,3.7893618178616685e-5,0,231666.1346487986,0.5277481537739156
Cayman Islands,40410.001825,0,6.609861998496873e-6,1.550655165478592,0,3.8138313900265057e-6,0,23316.210454357533,0.5769910764995996
Cen African Rep,4077478.346,4.32341730408404e-4,6.66952931247963e-4,38.28726473996719,3.251073174026056e-4,5.090707986423664e-4,58.19871156457289,3112251.346075053,0.7632784485853044
Chad,8556115.308591,8.913739655566455e-4,0.0013995233575571115,58.28170604292545,4.990733186898234e-4,8.896144228803628e-4,119.99030551271612,5438739.940458197,0.6356552879783285
Chile,15472046.165143,0.0026103433506152974,0.0025307618254721024,68.7073786606207,0.0014746658227792772,0.0014417135539225145,351.38551072424406,8814048.970823396,0.5696757155934928
China,1209067229.8394141,0.06331732317976045,0.19776706694428434,466.6392507862377,0.024356033224341423,0.08072597625798303,8523.31933190619,493525711.8305696,0.4081871542379978
Chinese Taipei,30685752.943114,5.900266366032274e-4,0.005019267090170512,6.580670877782415,3.312552182591276e-4,0.0025566620163377184,79.4251112578209,15630389.374182068,0.5093695893060882
Colombia,39981497.020679,0.0027233272112030774,0.006539771488862141,72.43700298977602,0.001828216385545537,0.004317164114958368,366.5945795032136,26393381.556825962,0.6601399027949086
Commonwealth of Dominica,102687.6016,0,1.6796605911378887e-5,0.7078365881713151,0,1.1889252221168575e-5,0,72686.04156403927,0.7078365881713151
Comoros,551997.01174,0,9.02901238902396e-5,2.0172697866096616,0,6.276021023964076e-5,0,383690.3419311935,0.6950949620573638
Congo,2716022.5006,2.756715054702237e-4,4.442596659986266e-4,23.51762250324228,2.0265046050328437e-4,3.2788948784297846e-4,37.108900911040216,2004582.6683138344,0.7380581964512443
Congo (Dem. Rep.),51781977.00532,0.0023227523979851973,0.008469975415906916,134.99501888798028,0.0016536720003292175,0.005997422407899323,312.67210018927386,36665795.82200368,0.7080802615596676
Cook Islands,83266.38850399999,0,1.3619879046483227e-5,3.342378187029095,0,6.534180852965474e-6,0,39947.318151764855,0.479753221791838
Costa Rica,3835061.24998,2.1521766197482917e-4,6.27300778849958e-4,5.018585255892744,1.5140919251577302e-4,4.384986149190385e-4,28.97104246921282,2680801.7827252527,0.6990245026045498
COTE D IVOIRE,17264190.824611,0.0010030913680894504,0.0028239028387223946,20.106455478867993,6.728577787927025e-4,0.0019189978335381309,135.02889288342445,11731970.496975815,0.6795551912141333
Croatia,5259235.76863,8.481795792350329e-4,8.60252934378652e-4,7.0090945898533965,4.2900244596525913e-4,4.4708106765870877e-4,114.17579015615873,2733271.400237981,0.5197088551422715
Cuba,11077755.387034,8.699745542328173e-4,0.0018119879003841164,19.246966992242243,5.226718155083384e-4,0.0010865799199855787,117.10967179246278,6642906.699052222,0.5996617967234984
Cyprus,786607.0191439999,3.817785468661796e-4,1.2866527118972305e-4,2.9809714858554788,1.8012181758953366e-4,6.0959601967232114e-5,51.392262110848655,372682.1569508277,0.47378442841304313
Czech R,10756617.375,0.0034175277983167513,0.0017594593716498475,3.8427536747321787,0.0014939893332029499,7.586876281300999e-4,460.04283327048523,4638306.888148984,0.4312049714559066
Dem. Peo. Rep. Korea,25609472.19918,4.4386739551897496e-4,0.004188940100126363,8.03787350428168,1.8657329285794763e-4,0.001684108249853604,59.75021310185532,10295951.332351238,0.4020368421603358
Denmark,5297717.64278,0.003440172751299564,8.665474126287782e-4,6.451932709850471,0.00140636524178242,3.645290385967906e-4,463.09113278530435,2228581.9459334617,0.42066831345205546
Djibouti,254473.15623000002,2.671757205805887e-5,4.162416156986241e-5,1.7476797751552038,1.5536365558338603e-5,2.5044735915852033e-5,3.5965259898548885,153113.30619253055,0.6016874567867678
Dominican R,9587442.974414,4.824216774659582e-4,0.0015682175728121222,5.595161490401274,2.9151018315080657e-4,9.480886403929038e-4,64.94011122363071,5796227.469991276,0.6045644793361131
East Timor,1770399.3438,5.120516483480056e-5,2.8958413304272154e-4,3.123658318958146,3.17361338340523e-5,1.809631742617749e-4,6.892868324373624,1106335.0798910898,0.6249070774712574
Ecuador,12424884.421715,7.748763873507286e-4,0.002032337729913225,16.504717298952794,4.96842887564319e-4,0.0013123729719322578,104.30824552379761,8023313.376727573,0.6457455139546576
Egypt,70166450.303686,0.003605036164067114,0.011477122803415105,46.87000328362784,0.0016041278826992352,0.00510534363967148,485.28385102729817,31211989.87865287,0.44482783073056836
El Salvador,5177224.375,2.1134882494311773e-4,8.468383347815952e-4,1.1741676310961493,1.1954241389664153e-4,4.8576271335274443e-4,28.450247656539474,2969755.213885748,0.5736191825539235
England,58973951.397838,0.050869666133252,0.0096463663113376,34.75063411665546,0.020921136335857404,0.0040446261277243215,6847.705919756172,24727195.399835978,0.4192901240926937
Eq Guinea,378100.8984,2.7889963849373707e-5,6.184594523788264e-5,2.1583235031286043,2.0053283801178165e-5,4.4375949665337174e-5,3.754344879183363,271296.4669111362,0.7175239944130642
Eritrea,4474583.9106829995,1.4354858711622707e-4,7.319074688091551e-4,8.533710758397577,7.811160786821865e-5,4.111361409429768e-4,19.32347083217593,2513518.7708317186,0.5617324026108286
Estonia,1245763.006685,3.077550246612514e-4,2.0376939334672717e-4,5.648868888576912,1.367981314786173e-4,9.217445386525456e-5,41.427751829296994,563517.0370819168,0.45234690230644015
Ethiopia,64747753.72682,0.0012219897959851581,0.010590786872525508,55.35982432344844,6.574167733077286e-4,0.00563957122052933,164.49541339488766,34478039.53632203,0.5324978482155504
Faeroe Islands,45569.999025,0,7.453882485116346e-6,1.1423360912566305,0,2.906569884299374e-6,0,17769.583443003452,0.38994039550571297
Falkland Is,2900.0000450000002,0,4.74352863830506e-7,4.3045101340517355,0,2.2745134146956723e-7,0,1390.5447838357406,0.47949819388217996
FEDERAL REPUBLIC OF YUGOSLAVIA,10990717.0938,3.056270897744733e-5,0.0017977510510676304,5.686943105542418,1.593963757763584e-5,8.395308928862627e-4,4.114130465107341,5132549.654046125,0.46698951581070713
Federated State of Micronesia,269920.767415,0,4.4150926566841884e-5,7.386807142750073,0,2.1229765677578255e-5,0,129790.13328422752,0.4808453033355404
Fiji,999499.355831,0,1.6348806016490278e-4,13.180377349258936,0,8.437465250696659e-5,0,515832.231076174,0.5160906088301604
Finland,5188327.228859,0.00962984906830778,8.486544280377966e-4,30.903417968525414,0.003655236942389871,3.455878490781288e-4,1296.3005162777167,2112783.2343732426,0.4072185776219591
France,58823305.600936,0.029716274203839158,0.009621725185794275,36.18247081442296,0.0126543532224826,0.004111417312893616,4000.18954804409,25135529.479306757,0.427305626953865
French Guiana,134049.534359,7.966689616051519e-5,2.1926475700567604e-5,4.858149485422359,5.57477510928979e-5,1.6011832845994585e-5,10.724180398942302,97889.81898190567,0.7302510930007823
French Polynesia,425199.707175,0,6.954989505814087e-5,24.336368635108972,0,2.958088119659939e-5,0,180845.44933185037,0.42531884730912944
FYR of Macedonia,1993449.9688,2.790826979897203e-4,3.26068512734493e-4,1.5511314872951445,1.438209557964616e-4,1.6906446433960986e-4,37.568090934973085,1033591.2177984805,0.518493683802194
Gabon,1270034.91794,2.609002626045337e-4,2.0773954866941413e-4,17.3180452841932,1.862937248252165e-4,1.4578129249140508e-4,35.120503209577365,891247.3962343233,0.7017503091016811
Gambia,2181033.8438,3.84024206712826e-5,3.567515978841257e-4,1.945541535652763,2.47831817224647e-5,2.300962330907983e-4,5.169455657028855,1406714.5730484622,0.6449760406273903
Gaza Strip,3124660.75,6.04013237359718e-4,5.111006042281895e-4,0.43715971029653167,2.6405025185944454e-4,2.234325920767776e-4,81.30788612303435,1365975.7882449434,0.43715971029653167
Georgia,5202319.056715,2.5996061833301803e-4,8.509430706277029e-4,5.942349481190629,1.4167773537638733e-4,4.606081223787494e-4,34.994015105179976,2815970.2986488743,0.5412913487138208
Germany,79996190.895893,0.046790471192384116,0.013084972985577554,19.144316193154484,0.01767607099605479,0.00499785189436275,6298.594249330615,30554829.165602278,0.3819535508305179
Ghana,20321249.841251,0.002688374604136727,0.003323945830770712,16.13956481371834,0.0015345155551954408,0.00206116072524667,361.88951276084106,12601096.465822931,0.6200945593535006
Greece,10975291.947444,0.0038688503108542547,0.0017952279606416187,22.300394205946652,0.0017363326195058465,8.34171556364624e-4,520.7966002153426,5099784.855224386,0.46466051925042945
Greenland,56196.061785,2.796561378570041e-5,9.191987044852203e-6,138.87953842066378,9.21808059277676e-6,3.0357988315291875e-6,3.764528325551117,18559.636547680544,0.33026578657215677
Grenada,121393.426397,0,1.9856316747613945e-5,1.121798900180854,0,1.2954953632319362e-5,0,79201.30557095827,0.6524348798916147
Guadeloupe,358343.375,0,5.861420811320675e-5,0.6842513359285869,0,4.010685020585793e-5,0,245196.93306490858,0.6842513359285869
Guam,269717.6875,0,4.41177087951964e-5,0.5798116055849021,0,2.557995957126998e-5,0,156385.44544402187,0.5798116055849021
Guatemala,12306881.64256,4.5077848859705077e-4,0.002013036021167171,8.234510765179705,2.5282391026429656e-4,0.0011292364443888647,60.68053438327986,6903691.300815003,0.5609618668095796
Guernsey,163.724716,0,2.6780443692867688e-8,0.4871812990634571,0,1.3046931347787047e-8,0,79.76361982967558,0.4871812990634571
Guinea,8080423.178869,2.2596466445842352e-4,0.0013217144194419869,15.828580331665256,1.6400797719807965e-4,9.510175829799374e-4,30.417726084823148,5814133.831018823,0.7195333341233021
Guinea Bissau,1612729.685305,4.3083047169756423e-5,2.6379411480626283e-4,3.485767640371151,3.0723846612749765e-5,1.8466839191380312e-4,5.799527686552469,1128987.2702264602,0.7000474292211876
Guyana,755046.972652,1.7392243189713033e-4,1.235029959470328e-4,14.8029884279813,1.29017995993676e-4,9.29364696714192e-5,23.412177767407588,568175.6910938756,0.7525037668825233
Haiti,7890259.52739,1.6734608745280294e-4,0.0012906093603813654,3.5061973476041706,8.944514439843846e-5,6.928358242262745e-4,22.526917921907252,4235715.802807373,0.5368284513460732
Honduras,5541867.901887,1.774034120603243e-4,9.064830584271442e-4,8.732437740927313,1.1527787875540082e-4,5.736318165095191e-4,23.880762098344956,3506951.091762449,0.632810300398596
Hungary,9849001.3443,0.0022113816824280924,0.001611000662429027,4.312942116292804,9.400741220093349e-4,6.93072944577641e-4,297.68018130759367,4237165.459976259,0.4302126999331228
Iceland,281085.006095,4.338437659722446e-4,4.597706053517612e-5,13.733585282365665,1.4715476134419584e-4,1.613772761238795e-5,58.40090471039094,98659.48826408897,0.3509952011838882
India,1048069427.455642,0.02750344962007733,0.17143266437665952,146.67770877058834,0.010636736470339964,0.07179273780149704,3702.3151338123253,438911533.43897074,0.41878097189085983
Indonesia,201516512.91095,0.008684233563123693,0.03296204604315662,241.23341360814874,0.005080893715320075,0.01892831297744066,1169.0086076636442,115719989.6361664,0.5742456931422933
Iran,66970319.211830996,0.006287944649868876,0.010954331798906985,92.32446058320313,0.003311616116688449,0.005963172037605888,846.4375545382343,36456403.01979701,0.5443665708757233
Iraq,25668531.5297,0.0011885908702080523,0.004198600431896488,22.6127018432086,5.80227495444867e-4,0.0020611978683605496,159.99949197172964,12601323.543680232,0.4909249884084627
Ireland,3715935.787193,0.0015097943100694266,6.07815432797783e-4,10.527517456390228,7.094911393056876e-4,2.953674372524684e-4,203.23757202563087,1805756.1082413066,0.485949222929217
Isle of Man,97972.05469,4.276565001923084e-5,1.6025284136697474e-5,0.580524456709874,2.4826505743258594e-5,9.303069367077663e-6,5.756801981593556,56875.17382166231,0.580524456709874
Israel,5762143.625,0.0028843575489380675,9.425135475545977e-4,0.8098603560334919,0.0011503736041365404,3.658766109748575e-4,388.2713169537752,2236820.454130666,0.38819241582695985
Italy,56572425.354843,0.035790971374336795,0.009253548815344003,31.27822525528069,0.015226214536013876,0.004057302812774529,4817.921271821839,24804695.48472887,0.4384591137669054
Jamaica,2567577.0313999997,2.130234536947591e-4,4.1997844794861684e-4,3.238901866998261,1.3677098506576106e-4,2.682812471553701e-4,28.675674046914637,1640162.1833598271,0.6387976537029195
Japan,155291342.076433,0.030862780657345042,0.025400997137584095,53.18047819941205,0.012516715575591017,0.010515192478435905,4154.523940728042,64285600.41653677,0.41396770455429494
Jordan,3950750.9561,7.429156340354719e-4,6.46224138354158e-4,3.9158609395768114,3.198045910954123e-4,2.764970745768777e-4,100.00592045833606,1690390.403127881,0.4278655936330031
Kazakhstan,14839714.306033,0.0038868144883114123,0.0024273313345735768,179.33947018621313,0.0020262043500795675,0.0012381991197884595,523.2148076396786,7569844.6808335,0.510107170847354
Kenya,31703968.54898,0.0011495474285428604,0.005185816566427313,33.49531890932528,6.973206319663067e-4,0.0031096620686426094,154.74374671250087,19011206.26989752,0.5996475248998177
Kiribati,66918.033116,0,1.0945779364799713e-5,9.250403255672278,0,5.013032613133724e-6,0,30647.63789192355,0.4579877271466866
Korea,47741022.755736,0.006728968384000645,0.007808996729302025,8.705615807356851,0.0022290509272006767,0.0026787485220951517,905.804974545597,16376776.503230704,0.343033633506795
Kuwait,1941564.375,0.0010939277122852175,3.175815887246086e-4,0.9818755341083243,5.39076656551656e-4,1.5622722784819972e-4,147.25662345765295,955109.5868410099,0.49192784907840614
Kyrgyz Republic,8434403.97487,6.229664562255155e-4,0.001379615040724245,12.733192493394222,3.2237759817465526e-4,7.005551933644443e-4,83.85923113650043,4282908.879006578,0.5077903420048825
Lao PDR,10663054.6726,2.1590769427533665e-4,0.0017441553250489926,12.76892179295833,1.5139587732430665e-4,0.0012232728949559913,29.063929618435118,7478591.826710742,0.7013554798633719
Latvia,2591177.390532,4.245105046755776e-4,4.238387575237819e-4,6.432123234928809,1.8082003755875143e-4,1.8469507907747029e-4,57.14452869124422,1129150.4246664075,0.4357673190543621
Lebanon,3943556,5.372376923722717e-4,6.450472597409821e-4,0.8736878691799539,2.183648882894391e-4,2.678895225007767e-4,72.31904602513201,1637767.3385036686,0.4153021634544225
Lesotho,1332013.8125,7.85627577519614e-5,2.1787743338506246e-4,1.1569340165150037,4.552289572613785e-5,1.268101376982044e-4,10.57554928552633,775265.4892005706,0.5820251125966238
Liberia,3211936.595905,1.119131851793102e-4,5.253763100233136e-4,8.272359563967346,7.846203655993788e-5,3.7449184084894935e-4,15.064942212195723,2289490.4576820284,0.7128068656775394
Libya,5311779.9576200005,0.0022709955355547876,8.688475847711687e-4,74.01940539660735,0.0011323444431274494,4.633542502024032e-4,305.70496633145893,2832759.0047354414,0.5332975061724299
Lithuania,3544105.8126,4.6205826711154436e-4,5.797092123580131e-4,3.8664017333269665,1.8935968482361302e-4,2.4291244839031966e-4,62.19893644837119,1485067.6890077707,0.41902464755088864
Madagascar,15275361.928393,6.831958805724951e-4,0.002498590194601428,54.937291754840224,5.038591401759372e-4,0.001823127850283447,91.96687989841598,11145860.49964675,0.729662613029773
Malawi,8768240.563,3.693884597698613e-4,0.001434220674922044,4.536936464460072,2.3812571183900452e-4,9.158142070037512e-4,49.724398348316626,5598914.740549559,0.6385448369397754
Malaysia,30728937.633687,0.0019680780800705043,0.005026330807870191,31.06257588945871,0.0013240753169091925,0.003228536131317319,264.92841301806294,19737953.83145366,0.6423246409213857
Maldive Islands,125031.012928,0,2.045131659645399e-5,6.879411685398607,0,9.391395244255829e-6,0,57415.162229707166,0.45920736691759906
Mali,11156679.872389,9.521966555293415e-4,0.001824897574547412,61.06279310296104,5.39332209493625e-4,0.0011706193227037096,128.17781539513845,7156689.349580154,0.6414712469515071
Malta,358600.75,0,5.8656306929218446e-5,0.547071315342427,0,3.2089182984896655e-5,0,196180.18398528083,0.547071315342427
Marshall Islands,328060.260159,0,5.36608005174712e-5,13.276016400731317,0,2.164360094676117e-5,0,132320.1534248498,0.4033410000977216
Martinique,412769.6251,0,6.751670714833706e-5,1.391401995302435,0,4.693599148019697e-5,0,286947.51899574645,0.6951759566276924
Mauritania,2887985.890087,7.566124291323903e-4,4.7238770910600493e-4,45.61979261124583,3.7171636396156983e-4,2.7081142644293053e-4,101.84968378521086,1655630.6681256432,0.5732821181047278
Mauritius,1158537.507812,0,1.895019228131355e-4,1.0598487104483865,0,1.2332459366374375e-4,0,753956.2938155986,0.6507828091293404
Mayotte,148572,0,2.430191468670337e-5,1.0970971120453952,0,1.6468149691499382e-5,0,100679.55416303659,0.6776482389887502
Mexico,99677990.676223,0.009723281277204319,0.01630432400153182,142.7879898106613,0.005308038324660514,0.00862469028967986,1308.8776833517209,52727840.67583855,0.5289817774027036
Moldova,5030683.25,3.182309415872644e-4,8.228686102181275e-4,2.1015269494415927,1.3413192140977097e-4,3.4574257852375756e-4,42.83794387107731,2113729.1871301476,0.42016741704621285
Mongolia,2789127.529613,0.0016420482829337631,4.562174519760847e-4,99.88762959423357,8.948857172918299e-4,2.5467970318633393e-4,221.04064371322747,1557007.888045256,0.5582419131122683
Montenegro,851232.3437999999,0,1.3923603234519393e-4,1.1045596136456737,0,7.630776657690554e-5,0,466514.57887254783,0.5480461148714963
Montserrat,4958,0,8.109798146129506e-7,0.49800753453403357,0,4.0387405803226315e-7,0,2469.1213562197386,0.49800753453403357
Moracco,27709708.532984,0.002294813473819961,0.004532475653299367,23.076506152314536,0.0010200612273652892,0.002128234752952436,308.9111646270715,13011159.729264209,0.4695523849980772
Morocco (includes Western Sahara),399307.22239799995,3.385986101299984e-4,6.531466260466767e-5,14.361713815216048,1.5188063465496185e-4,2.9326536339000563e-5,45.579691852799215,179290.4885532312,0.4490038709455841
Mozambique,21780692.488918,9.990232596642562e-4,0.0035626667924171856,59.7324034145519,7.118889760251982e-4,0.002522350473181628,134.48127359942046,15420622.586029533,0.7079950554315725
Namibia,1719072.995311,7.188735237115226e-4,2.8118868476067864e-4,48.23906533903924,4.275626954150171e-4,1.7667968217736707e-4,96.76954574422872,1080147.5554030358,0.6283314078862746
Nepal,38840343.8125,4.023890382062952e-4,0.006353113115079571,6.486778012341581,1.9231540691815852e-4,0.003056943895969505,54.16669713837751,18688908.85212764,0.4811725906018624
Netherland Antilles,133604.3281,0,2.185365333481764e-5,0.6152857539016996,0,1.3446241567619662e-5,0,82204.83973953854,0.6152857539016996
Netherlands,18007624.4522,0.01146274244944126,0.0029455062403922535,3.298645223786909,0.0037423346368714626,9.686374875304628e-4,1543.031344496488,5921854.744890395,0.3288526346498146
New Caledonia,311600.555316,0,5.096848741094436e-5,8.52506555652638,0,3.1403405688966007e-5,0,191987.6211471455,0.6161337580173668
New Zealand,3728032.405648,0.0011872713935282288,6.097940760797676e-4,39.941715630962854,7.527291302907145e-4,3.835506867138032e-4,159.82187358029498,2344872.548565981,0.6289839500894573
Nicaragua,5265246.002141,1.9391542392119593e-4,8.612360279765808e-4,11.793752129060161,1.3622282764032785e-4,5.873831462095407e-4,26.103489510602625,3591021.1159778438,0.6820234257844043
Niger,11303333.838245999,8.746551432841346e-4,0.0018488857564842745,51.05628400143148,4.4747184200357804e-4,9.918183924990873e-4,117.73973878112146,6063573.348440709,0.5364411451711689
Nigeria,123084202.39473,0.006967005097079268,0.020132876893880804,44.04314243384805,0.0037756695054551553,0.010882761117582082,937.8477523573881,66532765.241171174,0.5405467472405692
Niue,3527.400207,0,5.769766772768342e-7,1.011098994750947,0,2.853651244962185e-7,0,1744.6060453767273,0.4945869317336373
Northern Mariana Islands,289499.532235,0,4.7353424159434496e-5,4.517703142042316,0,2.4080232243657597e-5,0,147216.72390950262,0.5085214569189703
Norway,4492855.405288,0.0029848970600012256,7.348961362773811e-4,41.984666579318635,0.0012389577167629562,3.211449471503477e-4,401.8052175552291,1963349.295853112,0.4369936529767438
Oman,2444688.852703,5.311630787813306e-4,3.9987763464127186e-4,19.543065268037537,2.762179472762028e-4,2.1510325184928266e-4,71.50132555222865,1315053.597453266,0.5379226873797297
Pakistan,113508682.466463,0.0048377159409956245,0.018566609573136838,40.27635260559075,0.0018038019123380591,0.007480838856902083,651.2182722111525,45734799.293644756,0.40291895121906157
Palau,1204029.1094,0,1.9694298183336187e-4,1.502872947474649,0,1.0204661449327766e-4,0,623871.4028895276,0.5181530895049701
Panama,3050038.053264,3.1265638111764354e-4,4.988945734163945e-4,12.09118919239773,2.302825444511112e-4,3.6791231268356656e-4,42.08753692663485,2249265.9045474515,0.7374550301562298
Papau New Guinea,5638115.011866,6.633521223882734e-4,9.222261934428364e-4,66.28701560061405,4.631531427741029e-4,6.319344765820732e-4,89.29565693358742,3863389.7890408547,0.6852272046437415
Paraguay,4788383.001482,6.131320854382956e-4,7.832355705602414e-4,25.63862297318653,4.539611179426296e-4,5.633259148610248e-4,82.53539938811977,3443945.010165188,0.7192292281338587
Peru,26022355.683373,0.0019963103948421206,0.0042564754312009075,80.45694223653555,0.0012134439685229689,0.0024729626213293846,268.7288426981714,15118685.392191624,0.5809883461800393
Philippine,85328748.933459,0.0021971189972614896,0.013957219239857118,56.16497289667953,0.0013393186742816964,0.008383905508612623,295.76024195923765,51255780.677525125,0.600685950727994
Poland,37433502.179448,0.009920895229942002,0.006122996098790283,17.740692630779282,0.0039120004308464155,0.0024006737671350875,1335.479042016894,14676740.805363184,0.39207501171026177
Portugal,10439026.722758,0.002650538333668502,0.001707511084381186,12.493774407134044,0.0012448477272324315,8.078292130336294e-4,356.7962681425636,4938738.506250331,0.47310334932694875
Puerto Rico,3820548.197306,1.5128717217874322e-4,6.249268795423684e-4,3.609016829562094,9.380578927919699e-5,3.8739633389655545e-4,20.365183089620636,2368383.2678077235,0.6199066588082182
Qatar,606980.214093,4.2368685536417505e-4,9.92837235778278e-5,1.4024613990659964,2.1004400256668842e-4,4.9355639090943047e-5,57.03365498802941,301740.2581464793,0.4971171236567645
Republic of Tajikistan,6134857.162623,3.262242214977661e-4,0.001003478282456824,7.902499323738142,1.610741238111866e-4,5.131342697286762e-4,43.91394130377191,3137093.7518697507,0.511355630410222
Reunion,723769,0,1.1838685950839062e-4,1.283695980484433,0,7.591406284750658e-5,0,464107.63475977536,0.6412372383450733
Romania,19982295.481507,0.0026621615104888536,0.0032685030829233057,13.120936438991178,0.0012694313803829293,0.0015819386140068863,358.36089599977424,9671327.82705501,0.48399483612908867
Russia,147884965.037706,0.04167901053965135,0.024189536411924464,1279.5046311057959,0.01693643667123568,0.0112310330673903,5610.5264472217405,68661957.97326554,0.46429302637870534
Rwanda,10101490,2.5277706523016636e-4,0.0016523002193454164,1.880109231463031,1.59398719953844e-4,0.001040121263079157,34.027017229109276,6358877.409060618,0.6294989560016016
Saint Kitts and Nevis,55471.41406,0,9.073456452339053e-6,0.6329639551394307,0,5.743170882857914e-6,0,35111.405640594625,0.6329639551394307
Saint Lucia,89799.33594,0,1.4688472935253587e-5,0.6601050702015292,0,9.69593545807883e-6,0,59276.996954724404,0.6601050702015292
Saint Pierre and Miquelon,5585.311035,0,9.135890495603e-7,0.372234103418722,0,3.400690007562406e-7,0,2079.043245427919,0.372234103418722
Saint Vincent,127325.6172,0,2.082664490365783e-5,0.6893332375241858,0,1.4356498558205038e-5,0,87769.77992424116,0.6893332375241858
Sao Tome,140130.999023,0,2.2921220574667228e-5,1.263733682529966,0,1.5651516907312475e-5,0,95686.99421142909,0.6828395920857152
Saudi Arabia,20489691.603623,0.005044902917928878,0.003351497841505186,89.88025610706018,0.0024179211335385534,0.0016277839425385347,679.1082820399141,9951607.47737947,0.4856884949707989
Senegal,8725393.213107,3.3356836039450874e-4,0.0014272121360206964,11.095076502902756,1.9194666654246865e-4,8.007438051512892e-4,44.90255607602147,4895421.210742294,0.5610545096567743
Seychelles,81129,0,1.3270266514670044e-5,0.5137191148825382,0,6.81718956817168e-6,0,41677.51807130544,0.5137191148825382
Sierra Leone,3839521.447296,8.527677995669785e-5,6.280303331041868e-4,5.643773243534854,6.271567606473649e-5,4.595011549584418e-4,11.479342313699858,2809202.751083582,0.7316543974671572
Slovak Republic,5067040.75,0.0010373208241435839,8.288156046936802e-4,2.5106381031319556,5.095529380063406e-4,4.122699089946634e-4,139.63661427553924,2520450.166532295,0.49742054403890373
Slovenia,1823320.2505,1.8646728404889874e-4,2.9824040313241804e-4,0.9869602862234698,9.258553823614932e-5,1.4758497137889196e-4,25.100874880479026,902274.3537035766,0.4948523735510261
Solomon Is,634572.599376,0,1.0379700867293398e-4,17.397631408245637,0,6.672243347794809e-5,0,407913.7596557189,0.642816535187363
Somalia,7879751.556939,6.797593402459082e-4,0.0012888905721747679,42.231734847835746,4.2995136363051223e-4,8.209467700494408e-4,91.50427773632971,5018933.902624571,0.6369406276781454
South Africa,45293846.159171,0.011187868483526113,0.007408712174520372,84.38890351967906,0.005783722236317991,0.0043898383009411904,1506.0298025824231,26837681.905133396,0.5925238013751535
Spain,39710893.628611,0.009783285299617292,0.006495508905414593,43.8441026991587,0.0044935914698957,0.0031235463512788225,1316.9549901382481,19096089.114168067,0.4808778491051048
Sri Lanka,20476389.99126,3.660751475794385e-4,0.0033493220974293086,7.884064679261552,2.354771322365522e-4,0.0021388464370848447,49.27838426517077,13076035.240319427,0.6385908476006128
Sudan,34678954.353003,0.0028444668990382912,0.00567243484714993,130.3962533971324,0.0017138525247661694,0.0034974928594488884,382.90152665977,21382245.63014996,0.6165769997704207
Surinam,516327.905133,1.2256469579755586e-4,8.445572988790915e-5,10.848016274016262,8.722985700255548e-5,6.321253643313458e-5,16.498771404702037,386455.67989267234,0.7484694823788884
Svalbard,0,0,0,23.24403621290078,0,0,0,0,NaN
Swaziland,698583.25,2.217523735232713e-5,1.1426722762741278e-4,0.7220456606519473,1.601153390417478e-5,8.250615586310171e-5,2.985069799588662,504409.00426663447,0.7220456606519473
Sweden,8795558.756025,0.005838148077416734,0.0014386891104030798,38.81703001335793,0.002441971302239051,6.114106523881425e-4,785.8891985927012,3737915.4942187658,0.4249776049370685
Switzerland,7952659.8751,0.005994112136035932,0.0013008161821679001,2.8928522470468856,0.0028665537048548225,6.183423628107207e-4,806.8839502523305,3780293.1461108113,0.4753495315381228
Syria,15892186.397608,0.0010127584113288517,0.002599484142502338,10.156393642140836,4.934305154821766e-4,0.0012540708625586466,136.33020020955442,7666878.046198018,0.48243066462849893
Tanzania,33684898.79001,0.0019734901169031578,0.005509837227910108,58.81586292812877,0.0012998979436176657,0.003779510029387851,265.6569422079307,23106383.646118585,0.6859567484575995
Thailand,53426878.485644996,0.002344398210525765,0.008739031869632317,34.680391060990154,0.001363527888941134,0.005178052296509129,315.5859026562236,31656500.96771507,0.5925201296613407
Togo,5410539.6563,6.752527292831097e-4,8.850017037963275e-4,3.1272418005174236,3.987664105039133e-4,5.337367936810165e-4,90.8976304175296,3263049.1849337094,0.6030912611710062
Tonga,217208.746688,0,3.552882394541057e-5,4.374342623115168,0,1.696707539594725e-5,0,103729.7825387368,0.47755803631487687
Trinidad,1301818.542728,2.3829443921096234e-4,2.129383946029155e-4,1.832088886353844,1.50037673948726e-4,1.3483415856965043e-4,32.07747103657997,824321.0819092701,0.633207359438805
Tunesia,10093922.697377,9.978055830442856e-4,0.001651062436029902,13.593781974310179,5.321712883406874e-4,8.635993896784865e-4,134.31735879453302,5279694.632189383,0.523056772919547
Turkey,67443391.331812,0.006066616686626675,0.011031712182158447,48.6972883365382,0.0028559601725590194,0.005221043429745331,816.6439875796633,31919331.231482882,0.4732758925844085
Turkmenistan,4472637.926541,6.588209862254832e-4,7.315891642793611e-4,29.411325661040756,3.506500163107608e-4,4.0187927034713417e-4,88.68570821004198,2456926.0374649926,0.5493237051193866
Turks and Caicos Islands,18905.232418,0,3.092327930932712e-6,1.1357288721820349,0,1.8082231106270836e-6,0,11054.73899713251,0.5847449400625777
U. ARAB EMIRATES,3237391.025393,0.001780881852278005,5.295398897948458e-4,4.986084703343425,8.719307673148293e-4,2.7339463040673315e-4,239.72941301179387,1671423.3241471073,0.5162871309140689
U.S.A,294965615.852888,0.3284019356387073,0.04824751118627873,631.4653079654473,0.137016599105337,0.021561951277504918,44207.089404555525,131820980.63056059,0.44690287120213146
Uganda,21883989.7813,0.002257519861959957,0.003579563125419601,13.556278916240448,0.0013403231221618516,0.002207109594210879,303.8909687792378,13493368.356301367,0.6165863030986941
Ukraine,48077232.4356,0.004001937893104482,0.007863990529997303,35.998974371026954,0.001680356658960846,0.0033488967966283836,538.7118863592239,20473789.875532094,0.4258520891974589
United States Virgin Islands,53217.24609,0,8.704742309052032e-6,0.5880090279773936,0,5.118467063939379e-6,0,31292.221145014653,0.5880090279773936
Uruguay,3426389.133914,6.440654652725613e-4,5.604543010515135e-4,12.23863768055721,3.91132947283238e-4,3.351070491709019e-4,86.69942687857554,2048707.896117344,0.5979203809163041
Uzbekistan,21785598.518901,0.0020912347522528286,0.00356346927149869,23.540505199466313,9.323256447905644e-4,0.001592311198229759,281.5068719949955,9734741.578729639,0.44684297152928154
Vanuatu,198112.454343,0,3.240524435167462e-5,10.076054557675326,0,2.2717207259505717e-5,0,138883.74477777132,0.7010349008009177
Venezuela,24023973.180258,0.0037965172516208285,0.003929600104072637,63.54897140343845,0.0025747362626645197,0.0026571534699198177,511.0596478121296,16244753.157204013,0.6761892812365168
Viet Nam,78656999.683058,0.001381881789866964,0.012865921545174928,28.22034043872692,7.549212850679158e-4,0.007002606952513523,186.01891524288507,42811084.375918835,0.5442755832083938
Wallis and Futuna,636.84796,0,1.0416918929758689e-7,1.4274017668362755,0,5.0857598607886994e-8,0,310.9226263766455,0.4882211232593813
Yemen,18345330.056306,6.414960315771413e-4,0.003000744729341757,27.365143998432,3.411089190407122e-4,0.0015589310812607511,86.35354832925579,9530669.150599813,0.5195147277998279
Zambia,9626902.30516,0.00062764170963783175,0.0015746719335892787,48.31026388710807,4.7609018153655015e-4,0.001185342252220576,84.48857988009186,7246699.3390143085,0.7527550513450304
Zimbabwe,12228894.25103,5.12371081975162e-4,0.002000279627394451,23.192435437796277,3.610476570207677e-4,0.0013965003287578761,68.97168308442555,8537633.742815208,0.6981525530892632
